id,prd_name,price
1,"Fish - Halibut, Cold Smoked",73.31
2,"Tomatoes - Diced, Canned",79.55
3,Bread Fig And Almond,9.39
4,Shiro Miso,42.31
5,Carbonated Water - Wildberry,22.14
6,Tea - Vanilla Chai,37.93
7,Wine - Beaujolais Villages,26.09
8,Wine - Rosso Del Veronese Igt,56.78
9,"Yogurt - Cherry, 175 Gr",29.22
10,"Croissant, Raw - Mini",67.87
11,Cup Translucent 9 Oz,1.23
12,"Yogurt - Blueberry, 175 Gr",66.71
13,Tea Leaves - Oolong,93.9
14,Soup - Campbells Asian Noodle,65.27
15,"Oil - Olive, Extra Virgin",46.01
16,Mushroom - Crimini,17.03
17,Longos - Grilled Veg Sandwiches,51.82
18,Artichoke - Fresh,21.06
19,Juice - Lime,13.86
20,Cheese - Swiss Sliced,17.89
21,"Bread - Roll, Calabrese",87.55
22,Muffin - Mix - Bran And Maple 15l,40.32
23,Beef - Top Sirloin - Aaa,13.36
24,Juice - Cranberry 284ml,5.28
25,Creamers - 10%,44.86
26,Milk - Chocolate 500ml,59.75
27,Sausage - Liver,17.47
28,Langers - Ruby Red Grapfruit,72.78
29,Parasol Pick Stir Stick,73.34
30,"Ranchero - Primerba, Paste",72.83
31,Lettuce - Escarole,71.24
32,"Wine - Red, Wolf Blass, Yellow",33.35
33,Gelatine Leaves - Bulk,52.23
34,Pie Shells 10,87.13
35,Sugar - Palm,5.68
36,Bar Bran Honey Nut,71.2
37,Scallops - 10/20,39.06
38,"Pepper - Red, Finger Hot",40.28
39,Zucchini - Green,48.79
40,Cabbage Roll,99.59
41,Alize Gold Passion,64.31
42,Wine - Shiraz South Eastern,16.4
43,Pernod,63.36
44,Lentils - Green Le Puy,68.35
45,"Chocolate - Milk, Callets",17.21
46,"Lamb - Pieces, Diced",84.36
47,Huck Towels White,99.85
48,Beets - Golden,92.74
49,Beans - Wax,84.0
50,"Tuna - Canned, Flaked, Light",1.01
51,Muffin - Carrot Individual Wrap,96.91
52,Cheese - Comte,79.62
53,Wine - Alicanca Vinho Verde,72.14
54,"Rice Pilaf, Dry,package",9.03
55,Pastry - Banana Tea Loaf,62.68
56,Emulsifier,55.58
57,Truffle Cups - White Paper,72.12
58,Venison - Racks Frenched,67.51
59,"Sauce - Soya, Light",41.44
60,Sauce - Alfredo,2.83
61,Corn - On The Cob,71.74
62,Puree - Guava,33.77
63,Extract - Lemon,61.41
64,"Cookies - Oreo, 4 Pack",15.28
65,Pastry - Trippleberry Muffin - Mini,72.22
66,Spinach - Packaged,16.21
67,Icecream - Dstk Super Cone,75.21
68,"Salmon - Atlantic, Fresh, Whole",35.67
69,Arctic Char - Fillets,26.59
70,Flounder - Fresh,91.29
71,"Doilies - 8, Paper",90.83
72,Quiche Assorted,4.97
73,Chicken - Whole,8.13
74,Bread - Malt,14.82
75,Chocolate - Sugar Free Semi Choc,13.84
76,Skirt - 29 Foot,75.37
77,Cheese - Swiss,22.51
78,"Doilies - 5, Paper",61.27
79,Grouper - Fresh,33.52
80,Shrimp - Black Tiger 8 - 12,52.51
81,"Pepper - Black, Crushed",2.43
82,Wine - Winzer Krems Gruner,14.85
83,"Salmon - Smoked, Sliced",74.88
84,Horseradish Root,78.4
85,Squid - Tubes / Tenticles 10/20,73.51
86,"Bread - Roll, Calabrese",21.75
87,Turkey Leg With Drum And Thigh,90.14
88,Vinegar - Champagne,91.06
89,Cheese - Goat,92.69
90,"Carrots - Mini, Stem On",98.26
91,"Fish - Artic Char, Cold Smoked",91.43
92,Tea - Camomele,13.16
93,"Veal - Shank, Pieces",35.13
94,Cake - Cake Sheet Macaroon,69.36
95,Cheese Cheddar Processed,80.27
96,Wooden Mop Handle,62.22
97,Bag - Clear 7 Lb,59.42
98,"Lobster - Tail, 3 - 4 Oz",9.48
99,Mushroom - White Button,70.52
100,Liqueur - Melon,22.97
101,Lid Tray - 16in Dome,79.88
102,Ice Cream - Super Sandwich,90.58
103,"Pepper - White, Whole",5.67
104,Wine - Guy Sage Touraine,90.05
105,Wine - Pinot Noir Pond Haddock,24.3
106,Chocolate - Milk,1.66
107,Venison - Striploin,35.12
108,Broom And Broom Rack White,83.35
109,Pie Pecan,24.17
110,Pimento - Canned,12.69
111,Ham - Virginia,21.59
112,Truffle - Peelings,22.14
113,Chinese Foods - Plain Fried Rice,85.13
114,Soup - Campbells Mac N Cheese,98.55
115,Chocolate - Mi - Amere Semi,45.24
116,Lemons,19.49
117,Blue Curacao - Marie Brizard,81.35
118,Oyster - In Shell,54.35
119,Pasta - Agnolotti - Butternut,98.33
120,Wine - Montecillo Rioja Crianza,75.38
121,Tart - Raisin And Pecan,18.09
122,Cocoa Feuilletine,18.24
123,Longos - Chicken Wings,23.29
124,"Vermouth - Sweet, Cinzano",33.85
125,Eggplant Italian,35.44
126,Sour Puss - Tangerine,45.83
127,Syrup - Monin - Blue Curacao,29.36
128,"Veal - Leg, Provimi - 50 Lb Max",93.81
129,Loquat,16.84
130,Apricots - Dried,62.4
131,Lemon Grass,41.23
132,Mahi Mahi,27.64
133,Lentils - Green Le Puy,4.17
134,"Pasta - Orzo, Dry",1.81
135,Beans - Butter Lrg Lima,90.74
136,Truffle Cups - White Paper,50.75
137,Carbonated Water - Cherry,51.68
138,Vector Energy Bar,86.01
139,Miso Paste White,52.69
140,Lobster - Cooked,84.05
141,Bay Leaf,68.96
142,Sprouts - Alfalfa,71.01
143,Flower - Commercial Spider,45.76
144,"Yogurt - Banana, 175 Gr",44.48
145,Carbonated Water - White Grape,48.98
146,Island Oasis - Raspberry,53.82
147,Nantucket - Pomegranate Pear,7.02
148,"Crab - Claws, 26 - 30",84.92
149,Broom - Push,29.64
150,Scallops - 10/20,62.59
151,Flour - Whole Wheat,18.28
152,"Fish - Halibut, Cold Smoked",34.36
153,Walkers Special Old Whiskey,91.37
154,"Yeast - Fresh, Fleischman",57.69
155,Haggis,33.2
156,Mayonnaise,65.53
157,Table Cloth 54x72 White,84.08
158,Veal Inside - Provimi,13.27
159,"Cheese - Woolwich Goat, Log",39.2
160,Wine - Piper Heidsieck Brut,6.64
161,Kellogs Raisan Bran Bars,59.68
162,Beer - Original Organic Lager,73.68
163,Beef - Short Loin,40.3
164,"Crab - Claws, Snow 16 - 24",90.41
165,"Bread - Bagels, Plain",92.72
166,Wine - German Riesling,41.27
167,Cheese - Asiago,52.89
168,"Pasta - Tortellini, Fresh",25.24
169,Onions Granulated,84.71
170,Garlic - Peeled,35.67
171,Pork - Liver,7.58
172,Crab - Meat,78.21
173,Pork - Ham Hocks - Smoked,40.23
174,Yoplait - Strawbrasp Peac,77.47
175,"Brownies - Two Bite, Chocolate",32.64
176,Tumeric,54.95
177,Beef - Montreal Smoked Brisket,15.75
178,Vinegar - Rice,40.54
179,"Veal - Brisket, Provimi, Bone - In",12.27
180,Fennel,62.13
181,Cheese - Oka,23.66
182,Lettuce - Treviso,17.86
183,"Wine - Red, Black Opal Shiraz",67.54
184,Spinach - Packaged,31.21
185,Capicola - Hot,75.52
186,Thyme - Dried,31.74
187,Tray - 12in Rnd Blk,1.28
188,Banana,66.45
189,"Beef - Bones, Cut - Up",20.02
190,"Cheese - Mozzarella, Buffalo",74.87
191,Wine - Fat Bastard Merlot,88.24
192,Dikon,11.02
193,Lid Tray - 16in Dome,90.6
194,Spaghetti Squash,38.33
195,Milk - Condensed,30.29
196,Aspic - Amber,47.9
197,Pork - Backs - Boneless,50.8
198,Tea - Herbal - 6 Asst,40.15
199,Compound - Orange,30.65
200,Cookies - Amaretto,77.49
201,Nescafe - Frothy French Vanilla,73.87
202,Cardamon Ground,58.92
203,Eggplant Oriental,20.28
204,"Pasta - Lasagna Noodle, Frozen",88.82
205,"Olives - Black, Pitted",13.95
206,Oyster - In Shell,87.8
207,Coffee Decaf Colombian,61.68
208,Sage - Ground,76.88
209,Yukon Jack,83.63
210,"Pasta - Fettuccine, Dry",75.89
211,Taro Leaves,18.16
212,Sobe - Orange Carrot,41.23
213,Wine - Pinot Noir Latour,60.67
214,Cheese - Grana Padano,9.3
215,Spinach - Baby,33.59
216,Eggplant - Regular,26.58
217,Aromat Spice / Seasoning,14.49
218,Clam - Cherrystone,19.16
219,"Tomatoes - Plum, Canned",47.64
220,Crackers - Graham,35.06
221,"Pork - Tenderloin, Frozen",99.25
222,Flower - Leather Leaf Fern,16.71
223,Long Island Ice Tea,37.63
224,Asparagus - Mexican,16.38
225,Longan,60.01
226,Mace Ground,91.48
227,Sauce - Demi Glace,85.19
228,Roe - Flying Fish,23.09
229,Cookies - Amaretto,22.32
230,Cranberry Foccacia,96.19
231,Longos - Chicken Wings,85.75
232,Pail For Lid 1537,29.47
233,Nantucket - Kiwi Berry Cktl.,14.06
234,Coffee Cup 16oz Foam,7.94
235,"Radish - Black, Winter, Organic",56.98
236,Pastry - Baked Cinnamon Stick,26.6
237,Lamb - Loin Chops,9.49
238,Beer - Blue Light,53.12
239,Wine - Sauvignon Blanc Oyster,45.69
240,"Stock - Veal, Brown",15.29
241,Chips Potato All Dressed - 43g,33.19
242,Muffin Batt - Blueberry Passion,24.64
243,Cheese Cheddar Processed,42.06
244,Peach - Halves,95.45
245,Parsnip,56.47
246,Laundry - Bag Cloth,27.07
247,Beef - Tenderloin,11.02
248,"Lettuce - Mini Greens, Whole",98.01
249,Nectarines,98.72
250,Wine La Vielle Ferme Cote Du,84.18
251,Beets - Golden,60.13
252,Roe - White Fish,37.41
253,Dried Peach,61.75
254,Broom - Corn,6.88
255,"Soup - Canadian Pea, Dry Mix",32.37
256,Bacardi Raspberry,49.17
257,Beer - Mill St Organic,32.58
258,Bread - Raisin Walnut Oval,6.43
259,Mousse - Mango,89.93
260,Oil - Canola,46.51
261,Anchovy In Oil,80.93
262,Jam - Raspberry,35.92
263,"Pasta - Penne, Rigate, Dry",30.67
264,Water - Green Tea Refresher,25.24
265,"Juice - Tomato, 10 Oz",1.86
266,Tequila - Sauza Silver,40.65
267,Sausage - Breakfast,88.5
268,Currants,44.78
269,Squid Ink,22.36
270,Bar Bran Honey Nut,72.76
271,Baking Powder,53.58
272,Sponge Cake Mix - Vanilla,83.84
273,Icecream - Dibs,71.96
274,Beef - Rib Eye Aaa,69.35
275,Cheese - Mascarpone,5.76
276,"Veal - Inside, Choice",4.46
277,Bread Base - Italian,95.31
278,Raisin - Dark,44.9
279,Pop Shoppe Cream Soda,45.67
280,Monkfish Fresh - Skin Off,22.3
281,Syrup - Monin - Granny Smith,44.71
282,Sachet,80.24
283,Veal - Kidney,67.79
284,Milk - Buttermilk,83.95
285,"Vinegar - Balsamic, White",14.46
286,Bread - Raisin Walnut Oval,40.9
287,"Beef - Tenderlion, Center Cut",62.22
288,Mustard - Dijon,32.39
289,Carbonated Water - Strawberry,31.7
290,Lid - 3oz Med Rec,57.82
291,Sprouts - Bean,42.68
292,Table Cloth 54x72 White,68.37
293,Thyme - Dried,93.06
294,Bar - Granola Trail Mix Fruit Nut,89.92
295,"Napkin - Beverge, White 2 - Ply",68.94
296,Galliano,82.41
297,Shrimp - 31/40,79.94
298,Chicken Giblets,6.06
299,Pastry - Lemon Danish - Mini,19.22
300,"Chicken - Diced, Cooked",53.31
301,"Club Soda - Schweppes, 355 Ml",46.89
302,Magnotta - Bel Paese White,25.94
303,Veal - Insides Provini,43.97
304,Cup - Translucent 7 Oz Clear,73.63
305,Wine - Conde De Valdemar,36.59
306,Cleaner - Bleach,2.07
307,Beer - Pilsner Urquell,81.38
308,Table Cloth 72x144 White,23.01
309,Cheese - Ricotta,21.49
310,"Star Anise, Whole",85.18
311,Lettuce - Lambs Mash,15.37
312,Squash - Guords,33.48
313,Remy Red Berry Infusion,76.84
314,Potatoes - Peeled,30.23
315,Cheese - Fontina,98.24
316,Bread - Hot Dog Buns,14.37
317,Capon - Whole,15.27
318,Quinoa,59.1
319,Garlic - Elephant,37.33
320,Wine - Spumante Bambino White,22.43
321,Caviar - Salmon,84.9
322,Turkey Leg With Drum And Thigh,95.06
323,Salmon - Canned,94.36
324,"Tortillas - Flour, 12",26.35
325,Pepper Squash,96.11
326,Sausage - Chorizo,54.89
327,Sandwich Wrap,72.66
328,Bread Fig And Almond,3.7
329,Catfish - Fillets,64.55
330,Chips - Doritos,3.09
331,Remy Red,67.6
332,Carbonated Water - Strawberry,86.51
333,Lotus Root,26.82
334,Mix - Cocktail Strawberry Daiquiri,36.39
335,"Spoon - Soup, Plastic",20.12
336,Puree - Strawberry,48.72
337,Beef - Inside Round,72.78
338,Ginger - Crystalized,85.43
339,Cheese - Pied De Vents,23.01
340,"Wine - Harrow Estates, Vidal",16.97
341,Hot Chocolate - Individual,22.79
342,Appetizer - Southwestern,72.01
343,Table Cloth 54x72 White,5.65
344,Syrup - Monin - Granny Smith,58.27
345,"Gingerale - Schweppes, 355 Ml",58.75
346,Rice - Wild,2.77
347,Soup Campbells Split Pea And Ham,38.66
348,"Juice - Pineapple, 341 Ml",50.59
349,Appetizer - Tarragon Chicken,58.01
350,Beer - Tetleys,99.31
351,Glycerine,63.71
352,Liqueur - Melon,77.36
353,"Wine - White, Ej Gallo",53.99
354,Wine La Vielle Ferme Cote Du,1.03
355,Calaloo,33.65
356,Apple - Northern Spy,92.15
357,Chips - Doritos,21.35
358,Syrup - Kahlua Chocolate,4.62
359,Melon - Watermelon Yellow,23.82
360,Nantucket - Orange Mango Cktl,29.78
361,Pastry - Lemon Danish - Mini,35.03
362,Berry Brulee,68.47
363,"Vermouth - Sweet, Cinzano",81.57
364,Wine - Zinfandel Rosenblum,67.69
365,Yoplait - Strawbrasp Peac,22.77
366,Tea - Camomele,23.65
367,Nori Sea Weed,52.81
368,Sesame Seed Black,8.33
369,Sour Puss - Tangerine,61.26
370,Cookie Trail Mix,26.33
371,"Lobster - Baby, Boiled",33.98
372,"Bread - Roll, Soft White Round",40.83
373,Wine - Tio Pepe Sherry Fino,33.77
374,Honey - Comb,71.33
375,"Salsify, Organic",59.5
376,Pork - Liver,76.28
377,Straws - Cocktale,55.76
378,Sour Cream,70.52
379,Cheese - Grie Des Champ,74.38
380,Rabbit - Whole,50.84
381,Paper Cocktail Umberlla 80 - 180,65.56
382,Carbonated Water - Blackberry,84.15
383,Ecolab - Ster Bac,43.75
384,Beef - Short Ribs,18.69
385,Wine - Carmenere Casillero Del,24.42
386,Sugar - Monocystal / Rock,17.21
387,Tart - Butter Plain Squares,96.31
388,Beans - Fava Fresh,42.93
389,Table Cloth 54x54 White,4.12
390,Pastry - Choclate Baked,23.61
391,Yeast Dry - Fleischman,9.9
392,"Pasta - Lasagne, Fresh",89.74
393,Crackers - Melba Toast,84.26
394,Jolt Cola - Electric Blue,22.49
395,Dc Hikiage Hira Huba,79.12
396,Chicken - Soup Base,87.59
397,Wine - Rioja Campo Viejo,33.89
398,Garbage Bags - Black,88.39
399,Wine - Winzer Krems Gruner,75.4
400,Cheese - Gouda,5.24
401,Bandage - Flexible Neon,89.22
402,"Oil - Truffle, Black",88.47
403,Mix - Cappucino Cocktail,4.29
404,"Wine - White, Concha Y Toro",97.22
405,Oil - Hazelnut,27.98
406,"Tomatoes - Vine Ripe, Red",35.12
407,"Wine - Red, Gallo, Merlot",71.46
408,Milk 2% 500 Ml,12.93
409,"Carrots - Purple, Organic",70.38
410,"Beef - Ox Tail, Frozen",36.8
411,True - Vue Containers,39.16
412,Tuna - Fresh,40.24
413,Jagermeister,72.7
414,Long Island Ice Tea,9.75
415,Oil - Macadamia,77.05
416,Extract - Rum,80.42
417,Bagel - Ched Chs Presliced,53.44
418,"Pasta - Detalini, White, Fresh",27.5
419,Grand Marnier,23.75
420,Soup - French Can Pea,55.61
421,Carbonated Water - Wildberry,93.13
422,Spinach - Frozen,50.23
423,"Doilies - 8, Paper",53.44
424,Sprouts - Peppercress,85.54
425,Cake - Mini Potato Pancake,51.92
426,Vegetable - Base,87.15
427,Eggwhite Frozen,49.22
428,"Beef - Tongue, Fresh",90.0
429,Bread - Assorted Rolls,75.86
430,"Pork - Chop, Frenched",52.81
431,Nantuket Peach Orange,94.16
432,Dehydrated Kelp Kombo,86.94
433,"Jam - Blackberry, 20 Ml Jar",27.06
434,Wine - Chardonnay Mondavi,96.44
435,"Chilli Paste, Ginger Garlic",79.39
436,Tomatoes - Hot House,63.77
437,Muffin Hinge Container 6,3.95
438,Galliano,43.56
439,Steampan - Foil,6.47
440,Chicken - Tenderloin,92.91
441,Latex Rubber Gloves Size 9,62.4
442,Milk - 2% 250 Ml,65.63
443,"Wine - Red, Pelee Island Merlot",66.46
444,Jerusalem Artichoke,86.35
445,Nut - Pumpkin Seeds,10.66
446,"Sauce - Black Current, Dry Mix",74.68
447,Cloves - Ground,19.41
448,Lotus Rootlets - Canned,51.15
449,Mushroom - King Eryingii,21.56
450,"Chilli Paste, Hot Sambal Oelek",86.39
451,"Tart Shells - Savory, 3",97.97
452,"Chocolate - Pistoles, Lactee, Milk",1.36
453,Cake - Bande Of Fruit,74.93
454,Hersey Shakes,21.97
455,Beer - Paulaner Hefeweisse,43.44
456,Cheese - Feta,38.72
457,"Beef - Tongue, Cooked",9.65
458,Huck Towels White,8.64
459,Sugar - Monocystal / Rock,84.58
460,Coconut - Whole,82.47
461,Lobster - Cooked,5.02
462,Potatoes - Idaho 80 Count,68.08
463,"Pasta - Rotini, Dry",15.7
464,Steel Wool,91.79
465,Lamb Leg - Bone - In Nz,79.64
466,"Shrimp - 16/20, Iqf, Shell On",97.32
467,Table Cloth 53x69 White,23.63
468,Wine - Barossa Valley Estate,82.15
469,"Juice - Tomato, 10 Oz",20.91
470,"Lemonade - Natural, 591 Ml",24.54
471,Glaze - Clear,71.56
472,Longos - Chicken Caeser Salad,40.67
473,Juice - Propel Sport,91.68
474,Soup - Verve - Chipotle Chicken,98.57
475,"Sauce - White, Mix",60.66
476,Muffin Mix - Lemon Cranberry,16.15
477,Pumpkin,9.12
478,Worcestershire Sauce,4.22
479,Muffin - Banana Nut Individual,18.71
480,Table Cloth 81x81 White,41.43
481,Apple - Granny Smith,10.63
482,"Pail - 15l White, With Handle",60.09
483,Cheese - Comtomme,45.89
484,"Chocolate - Milk, Callets",76.55
485,"Jam - Marmalade, Orange",17.91
486,Lettuce - Boston Bib - Organic,93.21
487,Chinese Foods - Thick Noodles,34.43
488,Cream Of Tartar,50.68
489,"Beef - Tongue, Fresh",45.92
490,Bananas,5.13
491,Towels - Paper / Kraft,36.42
492,Wine - Barolo Fontanafredda,99.63
493,Salt And Pepper Mix - White,91.2
494,"Bread - Rolls, Rye",53.37
495,Bread - Pain Au Liat X12,45.15
496,"Rum - Coconut, Malibu",17.92
497,Pastry - Raisin Muffin - Mini,20.74
498,Beans - Kidney White,77.95
499,Herb Du Provence - Primerba,55.76
500,"Coke - Classic, 355 Ml",98.71
501,"Juice - Cranberry, 341 Ml",45.94
502,"Shrimp, Dried, Small / Lb",64.82
503,Wine - Chianti Classica Docg,16.36
504,Milk - Homo,26.03
505,Sugar - White Packet,90.11
506,Banana,1.3
507,Chutney Sauce - Mango,85.43
508,"Juice - Clamato, 341 Ml",89.58
509,"Cheese - Cheddar, Mild",19.12
510,Wine - Coteaux Du Tricastin Ac,17.86
511,Bread - Sour Sticks With Onion,5.15
512,Calypso - Lemonade,73.68
513,Steampan Lid,11.39
514,Bandage - Flexible Neon,22.29
515,"Juice - Pineapple, 48 Oz",33.98
516,Chip - Potato Dill Pickle,31.75
517,Cheese - Marble,78.02
518,Dc - Sakura Fu,74.14
519,Foil - Round Foil,11.84
520,Sprouts - Corn,99.49
521,Wine - Cave Springs Dry Riesling,76.43
522,Tea - Camomele,51.27
523,Soup Bowl Clear 8oz92008,45.56
524,Soup Campbells Turkey Veg.,10.12
525,Cornflakes,48.92
526,Containter - 3oz Microwave Rect.,1.77
527,Appetizer - Shrimp Puff,98.06
528,Cheese - Gorgonzola,64.69
529,Cheese - Ricotta,45.21
530,"Octopus - Baby, Cleaned",70.75
531,Carbonated Water - Raspberry,79.65
532,Tea - Earl Grey,84.97
533,"Gingerale - Schweppes, 355 Ml",50.19
534,Cheese - Gorgonzola,36.06
535,Chocolate Bar - Smarties,97.99
536,Coffee - Hazelnut Cream,33.64
537,"Wine - White, Mosel Gold",27.98
538,Chinese Foods - Cantonese,16.74
539,"Salt - Rock, Course",50.66
540,Lettuce - Boston Bib - Organic,2.37
541,Ice Cream - Chocolate,94.95
542,Chicken - Base,92.71
543,Mousse - Mango,88.63
544,Fireball Whisky,75.72
545,Foil Wrap,27.15
546,Cup - Paper 10oz 92959,12.32
547,"Salmon - Atlantic, Skin On",94.51
548,"Pasta - Rotini, Colour, Dry",23.4
549,Versatainer Nc - 9388,95.79
550,Beef - Ox Tongue,50.14
551,Beans - Soya Bean,53.97
552,Wine - Sauvignon Blanc Oyster,83.28
553,Muskox - French Rack,60.98
554,Sage Derby,69.75
555,Cumin - Whole,73.82
556,Lighter - Bbq,22.28
557,Icecream - Dstk Strw Chseck,2.17
558,"Flour - Buckwheat, Dark",62.84
559,"Salmon - Atlantic, Skin On",3.96
560,Butter Sweet,20.55
561,Muffin - Zero Transfat,48.61
562,Cookie Choc,89.59
563,Truffle Cups - Red,72.12
564,Cheese - Cream Cheese,51.52
565,Goat - Whole Cut,9.39
566,Fib N9 - Prague Powder,14.2
567,Scallops - U - 10,51.15
568,"Soup - Knorr, Classic Can. Chili",95.23
569,Carbonated Water - Lemon Lime,39.13
570,Alize Gold Passion,60.27
571,Flour Pastry Super Fine,30.6
572,Coffee - Cafe Moreno,69.8
573,Cucumber - English,91.21
574,"Pork - Loin, Center Cut",38.35
575,Juice - Happy Planet,31.28
576,Wild Boar - Tenderloin,49.66
577,Sausage - Liver,52.79
578,Pork - European Side Bacon,37.05
579,Tea - English Breakfast,92.05
580,Butter Sweet,89.83
581,Venison - Denver Leg Boneless,83.72
582,Wine - Niagara Peninsula Vqa,88.93
583,Pears - Anjou,26.55
584,Salmon Steak - Cohoe 8 Oz,35.3
585,Milk - Condensed,50.74
586,Bonito Flakes - Toku Katsuo,93.46
587,Dc Hikiage Hira Huba,45.83
588,Dill Weed - Dry,20.36
589,Spice - Chili Powder Mexican,54.64
590,Clams - Canned,99.78
591,Juice - Orange 1.89l,5.27
592,Ham Black Forest,10.44
593,Gooseberry,26.02
594,"Coffee - Beans, Whole",33.55
595,Dr. Pepper - 355ml,6.73
596,"Pail - 15l White, With Handle",31.66
597,Lettuce - Sea / Sea Asparagus,72.3
598,Bread Crumbs - Japanese Style,47.93
599,Corn Meal,89.84
600,Squash - Acorn,52.82
601,Appetizer - Escargot Puff,11.98
602,"Lemonade - Island Tea, 591 Ml",58.73
603,Yoplait - Strawbrasp Peac,82.31
604,Lettuce Romaine Chopped,30.05
605,Shrimp - Prawn,1.42
606,"Turnip - White, Organic",1.84
607,Godiva White Chocolate,10.17
608,Wine - Lou Black Shiraz,13.59
609,Olives - Nicoise,65.55
610,Goldschalger,17.45
611,Glycerine,14.1
612,Wine - Conde De Valdemar,43.45
613,Coffee - Dark Roast,12.56
614,"Lamb - Racks, Frenched",6.41
615,Petite Baguette,19.04
616,"Butter - Salted, Micro",23.14
617,Pork - Shoulder,22.38
618,Nougat - Paste / Cream,76.43
619,Crab - Soft Shell,29.2
620,Carbonated Water - Strawberry,78.07
621,"Bag - Bread, White, Plain",57.76
622,"Ice - Clear, 300 Lb For Carving",22.71
623,Pail For Lid 1537,77.69
624,Danishes - Mini Cheese,35.14
625,Chickhen - Chicken Phyllo,37.44
626,Cake - Sheet Strawberry,40.24
627,"Vermouth - White, Cinzano",29.18
628,Energy Drink,26.51
629,Higashimaru Usukuchi Soy,49.88
630,Wine - Vineland Estate Semi - Dry,50.61
631,"Tabasco Sauce, 2 Oz",90.81
632,Rabbit - Saddles,17.83
633,Greens Mustard,34.6
634,Port - 74 Brights,44.19
635,Sugar - Cubes,67.17
636,Bread - Kimel Stick Poly,44.82
637,"Tortillas - Flour, 12",75.35
638,Corn Syrup,51.53
639,Spinach - Baby,65.69
640,"Cheese - Boursin, Garlic / Herbs",71.92
641,Cheese - Swiss,96.65
642,"Wine - Sherry Dry Sack, William",99.18
643,Puree - Mocha,65.05
644,Ecolab Silver Fusion,47.08
645,Ice Cream Bar - Oreo Cone,63.89
646,Wine - Fontanafredda Barolo,88.36
647,Basil - Thai,21.98
648,Greens Mustard,47.34
649,Clams - Canned,45.51
650,Nori Sea Weed,79.44
651,White Baguette,91.69
652,"Salmon - Smoked, Sliced",99.86
653,"Nut - Cashews, Whole, Raw",85.71
654,Soup - Campbellschix Stew,63.14
655,Truffle Cups - White Paper,56.21
656,Cheese - St. Andre,61.75
657,Mussels - Frozen,77.18
658,"Cup - 3.5oz, Foam",33.54
659,Bread - Assorted Rolls,90.17
660,"Wine - Red, Lurton Merlot De",65.8
661,"Nut - Almond, Blanched, Sliced",38.79
662,"Water - Mineral, Natural",43.67
663,Ginsing - Fresh,48.51
664,Seedlings - Clamshell,66.4
665,Tea - Lemon Green Tea,30.67
666,Wine - Crozes Hermitage E.,51.57
667,Nestea - Iced Tea,71.21
668,Bagelers,42.58
669,Sprouts - China Rose,77.46
670,Ice Cream - Strawberry,99.1
671,"Beef - Outside, Round",84.75
672,Puree - Mocha,2.87
673,Bread - Ciabatta Buns,99.38
674,Langers - Mango Nectar,58.68
675,Wine - Beaujolais Villages,51.05
676,Sambuca - Ramazzotti,29.09
677,Basil - Thai,47.59
678,Soup - Campbells Bean Medley,53.07
679,Almonds Ground Blanched,22.2
680,Plastic Wrap,59.23
681,Puree - Guava,60.49
682,Soup - Campbells Broccoli,35.9
683,"Flour - Corn, Fine",68.14
684,Mushroom - Porcini Frozen,18.62
685,Crackers - Trio,76.34
686,Soup - Campbells Chili,63.22
687,Savory,15.47
688,Ice Cream Bar - Rolo Cone,7.72
689,Sprouts - Brussel,12.37
690,Lettuce - Sea / Sea Asparagus,77.92
691,Chives - Fresh,47.23
692,Mousse - Banana Chocolate,24.71
693,Duck - Whole,50.32
694,"Carrots - Mini, Stem On",20.38
695,Tomato Paste,87.42
696,Bagel - Sesame Seed Presliced,5.2
697,Liquid Aminios Acid - Braggs,52.28
698,Appetizer - Sausage Rolls,1.57
699,Lamb Rack Frenched Australian,76.78
700,Wine - Ruffino Chianti,21.02
701,Sauce - Balsamic Viniagrette,60.85
702,Flavouring - Orange,16.94
703,Ham - Cooked Italian,23.42
704,Lid Tray - 12in Dome,19.3
705,Calvados - Boulard,14.75
706,Compound - Raspberry,96.63
707,"Soup - Knorr, Veg / Beef",22.1
708,Appetizer - Lobster Phyllo Roll,82.63
709,Cassis,24.94
710,"Beef - Cooked, Corned",42.47
711,"Apple - Delicious, Golden",67.31
712,Grapes - Red,24.54
713,Pepper - Chili Powder,97.49
714,Wine - Cave Springs Dry Riesling,44.41
715,Pants Custom Dry Clean,9.9
716,Plastic Wrap,26.64
717,"Wine - Red, Black Opal Shiraz",76.36
718,Cake - Pancake,6.37
719,Mix Pina Colada,88.85
720,Muffin - Zero Transfat,66.68
721,Flower - Potmums,62.1
722,Table Cloth 62x120 White,14.08
723,"Soup - Campbells, Classic Chix",46.51
724,Tarts Assorted,64.2
725,Marjoram - Fresh,27.43
726,Crab - Meat Combo,2.54
727,"Beans - Kidney, Red Dry",22.23
728,Kale - Red,74.29
729,"Beef - Roasted, Cooked",11.86
730,Squid - Tubes / Tenticles 10/20,19.1
731,Flour Dark Rye,99.88
732,Island Oasis - Magarita Mix,4.85
733,"Asparagus - Green, Fresh",8.43
734,Towel Multifold,11.8
735,Vector Energy Bar,1.68
736,Cookie - Dough Variety,89.6
737,"Coke - Diet, 355 Ml",51.55
738,"Mushroom - Shitake, Dry",3.1
739,Honey - Comb,40.8
740,"Bag - Bread, White, Plain",35.32
741,Basil - Pesto Sauce,16.91
742,Bagel - 12 Grain Preslice,53.06
743,Carbonated Water - Peach,8.7
744,Steel Wool,14.26
745,Flour - Chickpea,9.96
746,"Tart Shells - Savory, 4",98.17
747,Beer - Blue Light,59.54
748,Roe - White Fish,98.79
749,Chinese Lemon Pork,45.97
750,Rambutan,85.76
751,Extract - Lemon,48.52
752,"Sparkling Wine - Rose, Freixenet",17.95
753,"Wine - Red, Antinori Santa",83.61
754,Wine - Shiraz Wolf Blass Premium,23.26
755,Coffee - Dark Roast,45.29
756,Rhubarb,75.6
757,Lettuce - Red Leaf,47.45
758,"Mustard - Dry, Powder",53.08
759,Tomato - Plum With Basil,88.88
760,Brandy - Bar,74.49
761,Pop - Club Soda Can,58.66
762,Ketchup - Tomato,56.83
763,"Pasta - Penne Primavera, Single",7.16
764,Veal - Kidney,80.82
765,Chevere Logs,61.12
766,Sauce - Plum,56.01
767,Beef - Tenderloin Tails,97.04
768,Wine - Vovray Sec Domaine Huet,50.99
769,Soup - Campbells,16.89
770,Wine - Valpolicella Masi,62.31
771,Puree - Guava,12.06
772,Spring Roll Wrappers,78.54
773,Soup - Boston Clam Chowder,95.42
774,Cheese Cheddar Processed,34.12
775,"Soup - Knorr, Country Bean",69.16
776,"Marsala - Sperone, Fine, D.o.c.",96.61
777,Alize Red Passion,1.39
778,Shortbread - Cookie Crumbs,28.57
779,Venison - Denver Leg Boneless,29.75
780,"Trout - Rainbow, Fresh",10.59
781,Garbage Bag - Clear,75.02
782,Soup Campbells Mexicali Tortilla,73.65
783,Bag Stand,84.55
784,Wine - Rhine Riesling Wolf Blass,26.33
785,Vaccum Bag 10x13,74.21
786,Coffee - Ristretto Coffee Capsule,49.78
787,Soup - Campbells,34.28
788,Wine - Bouchard La Vignee Pinot,80.37
789,Gherkin - Sour,17.43
790,Onion - Dried,78.24
791,Soup - Campbells,17.65
792,Bread - Dark Rye,38.69
793,Spice - Montreal Steak Spice,34.21
794,Corn - Mini,46.0
795,Wine - Shiraz South Eastern,98.78
796,Steam Pan Full Lid,36.9
797,Spice - Paprika,25.46
798,Soho Lychee Liqueur,88.98
799,"Juice - Orange, Concentrate",59.69
800,Mortadella,1.73
801,Wine - Rhine Riesling Wolf Blass,94.98
802,Tea - Herbal Sweet Dreams,82.24
803,Vanilla Beans,74.94
804,"Roe - Lump Fish, Black",56.45
805,Turkey Leg With Drum And Thigh,63.99
806,Wine - Puligny Montrachet A.,96.82
807,Eggplant - Regular,25.34
808,Wild Boar - Tenderloin,90.06
809,Bag - Clear 7 Lb,92.76
810,Wine - Cabernet Sauvignon,96.81
811,Appetizer - Tarragon Chicken,60.32
812,"Rum - White, Gg White",77.43
813,Flour - So Mix Cake White,30.31
814,Bread - Corn Muffaletta,51.56
815,Venison - Striploin,11.44
816,"Asparagus - White, Fresh",11.65
817,Plasticforkblack,93.83
818,Muffins - Assorted,5.66
819,"Marjoram - Dried, Rubbed",95.82
820,Squid Ink,17.26
821,Flour - Chickpea,37.7
822,Sterno - Chafing Dish Fuel,80.96
823,Bread - Pita,27.07
824,"Chilli Paste, Sambal Oelek",21.87
825,Prunes - Pitted,45.0
826,Banana - Leaves,30.68
827,Mace Ground,15.96
828,Sage - Rubbed,88.16
829,"Nut - Pine Nuts, Whole",93.24
830,Coffee - Decaffeinato Coffee,22.41
831,Duck - Whole,6.08
832,Vanilla Beans,66.94
833,Jam - Apricot,92.6
834,Sultanas,23.75
835,Yoplait Drink,65.78
836,Napkin White,4.73
837,Foil Cont Round,75.81
838,Pate - Cognac,27.21
839,Mushroom - Portebello,54.96
840,Veal - Bones,44.27
841,"Shrimp, Dried, Small / Lb",54.53
842,"Wine - Red, Black Opal Shiraz",51.77
843,Lettuce - Arugula,80.98
844,Peach - Fresh,34.2
845,"Lamb - Whole, Fresh",11.57
846,Tea - Honey Green Tea,49.88
847,Vanilla Beans,11.41
848,Lemon Pepper,42.25
849,Cake Slab,76.7
850,Longos - Penne With Pesto,14.38
851,Initation Crab Meat,9.1
852,"Cheese - Cheddar, Old White",84.27
853,Peppercorns - Green,28.63
854,"Nut - Walnut, Chopped",33.87
855,Nantucket - 518ml,9.71
856,Thyme - Fresh,69.32
857,Compound - Rum,11.64
858,Muffin - Mix - Bran And Maple 15l,9.09
859,Mousse - Passion Fruit,58.84
860,Wine - Stoneliegh Sauvignon,26.95
861,Corn Meal,41.29
862,Table Cloth 72x144 White,91.54
863,Kolrabi,74.8
864,Cake - Dulce De Leche,5.83
865,Cape Capensis - Fillet,92.71
866,Mints - Striped Red,76.68
867,Huck Towels White,68.03
868,Scallops - 10/20,53.09
869,Bread - Corn Muffaletta,73.11
870,Russian Prince,20.68
871,Syrup - Monin - Granny Smith,38.68
872,Table Cloth 53x69 White,78.92
873,Parasol Pick Stir Stick,57.4
874,Berry Brulee,54.23
875,"Doilies - 10, Paper",19.43
876,Wine - Zinfandel Rosenblum,23.87
877,Cheese - Camembert,63.79
878,Savory,41.2
879,Kiwano,58.53
880,Soho Lychee Liqueur,2.32
881,"Wine - White, Concha Y Toro",47.89
882,Cheese - Asiago,32.75
883,Dooleys Toffee,74.2
884,Beer - Fruli,45.87
885,Gelatine Leaves - Bulk,97.22
886,Salt And Pepper Mix - Black,47.91
887,Lighter - Bbq,11.8
888,"Rum - Dark, Bacardi, Black",66.68
889,Shrimp - Black Tiger 16/20,74.25
890,Veal - Insides Provini,58.01
891,"Cake Circle, Foil, Scallop",23.69
892,"Wine - Mas Chicet Rose, Vintage",9.51
893,Oil - Shortening - All - Purpose,51.61
894,Chinese Foods - Thick Noodles,46.79
895,Cheese - Mix,97.46
896,Wine - Remy Pannier Rose,37.42
897,Wine - Saint Emilion Calvet,73.71
898,Pike - Frozen Fillet,52.54
899,Sauce - Plum,54.58
900,"Wine - White, Colubia Cresh",51.33
901,"Juice - Tomato, 48 Oz",7.26
902,Container - Hngd Cll Blk 7x7x3,97.12
903,Pernod,4.7
904,"Pepsi, 355 Ml",95.22
905,Croissants Thaw And Serve,26.22
906,Sausage - Liver,15.4
907,"Chocolate - Pistoles, White",26.28
908,"Bread - White, Unsliced",18.51
909,Alize Gold Passion,79.39
910,Beets - Mini Golden,98.37
911,Mussels - Cultivated,26.74
912,"Wine - Red, Gallo, Merlot",66.04
913,Wine - Masi Valpolocell,96.5
914,Cheese - Wine,73.86
915,Pastry - Trippleberry Muffin - Mini,43.63
916,Greens Mustard,83.03
917,Cake - Cheese Cake 9 Inch,35.87
918,Easy Off Oven Cleaner,76.88
919,Bandage - Finger Cots,82.96
920,Lamb - Shoulder,92.15
921,Wine - Red Oakridge Merlot,94.74
922,Chutney Sauce - Mango,34.0
923,Lidsoupcont Rp12dn,76.05
924,"Pasta - Rotini, Dry",94.17
925,"Rum - Coconut, Malibu",62.63
926,Beef Tenderloin Aaa,97.99
927,Shichimi Togarashi Peppeers,69.03
928,Paper Cocktail Umberlla 80 - 180,59.31
929,Muffin Batt - Choc Chk,77.42
930,Petite Baguette,64.03
931,Plate Pie Foil,32.15
932,"Sugar - Sweet N Low, Individual",67.85
933,"Beef - Bones, Marrow",31.25
934,Cake - Sheet Strawberry,94.88
935,"Pasta - Detalini, White, Fresh",96.77
936,Cafe Royale,50.09
937,Coffee Swiss Choc Almond,1.23
938,Veal - Liver,90.75
939,"Pepsi - Diet, 355 Ml",48.22
940,"Pail - 4l White, With Handle",71.18
941,"Doilies - 10, Paper",45.9
942,"Salt - Rock, Course",5.21
943,Garbage Bag - Clear,33.84
944,"Salsify, Organic",93.08
945,Pastry - Baked Scones - Mini,72.15
946,"Wine - Magnotta - Red, Baco",7.21
947,"Tomatoes - Plum, Canned",19.85
948,"Quail - Eggs, Fresh",54.5
949,"7up Diet, 355 Ml",34.16
950,Beans - Soya Bean,21.07
951,Bread - White Epi Baguette,97.26
952,"Bread - Sticks, Thin, Plain",71.17
953,Skirt - 24 Foot,91.84
954,Cheese - Gouda,67.8
955,Carbonated Water - Strawberry,68.05
956,Gloves - Goldtouch Disposable,89.4
957,"Mushroom - Chanterelle, Dry",73.23
958,Chinese Foods - Chicken,2.75
959,Sole - Iqf,66.48
960,Trout - Smoked,58.07
961,Cheese - Fontina,28.63
962,"Juice - Apple, 500 Ml",10.81
963,Snapple Raspberry Tea,56.5
964,Pepsi - 600ml,42.64
965,Sterno - Chafing Dish Fuel,8.98
966,Watercress,74.22
967,Creme De Banane - Marie,76.77
968,"Soup - Knorr, Ministrone",46.22
969,Coffee Cup 16oz Foam,89.83
970,"Wine - Red, Mosaic Zweigelt",86.01
971,Cloves - Whole,76.76
972,Muffin - Bran Ind Wrpd,96.53
973,Gatorade - Cool Blue Raspberry,19.65
974,Muffin Orange Individual,37.34
975,Anisette - Mcguiness,50.41
976,"Nut - Pecan, Halves",15.85
977,Melon - Watermelon Yellow,77.9
978,Oil - Grapeseed Oil,18.04
979,"Soup - Campbells, Minestrone",79.59
980,Ice Cream Bar - Oreo Cone,45.68
981,Chicken - White Meat With Tender,31.7
982,"Sparkling Wine - Rose, Freixenet",31.32
983,"Coke - Diet, 355 Ml",76.54
984,Rootbeer,69.25
985,Muskox - French Rack,36.84
986,Banana - Green,43.72
987,Orange Roughy 6/8 Oz,42.33
988,Compound - Passion Fruit,87.3
989,"Veal - Chops, Split, Frenched",28.15
990,Tahini Paste,23.3
991,Sachet,29.08
992,Pastry - Trippleberry Muffin - Mini,24.62
993,Icecream - Dstk Strw Chseck,11.09
994,Truffle Paste,37.57
995,Soup - Campbells Chili Veg,90.08
996,Ham - Procutinni,61.04
997,Muffins - Assorted,1.02
998,"Potatoes - Yukon Gold, 80 Ct",10.47
999,Hummus - Spread,77.63
1000,Pie Filling - Pumpkin,72.35
